{
  "_format": "hh-sol-cache-2",
  "files": {
    "E:\\Spring\\Zama\\secure-survey\\contracts\\IncomeSurvey.sol": {
      "lastModificationDate": 1763439035677,
      "contentHash": "4abced4c7b7fa9ec33585d56e1358153",
      "sourceName": "contracts/IncomeSurvey.sol",
      "solcConfig": {
        "version": "0.8.27",
        "settings": {
          "metadata": {
            "bytecodeHash": "none",
            "useLiteralContent": true
          },
          "optimizer": {
            "enabled": true,
            "runs": 800
          },
          "evmVersion": "cancun",
          "outputSelection": {
            "*": {
              "*": [
                "abi",
                "evm.bytecode",
                "evm.deployedBytecode",
                "evm.methodIdentifiers",
                "metadata",
                "devdoc",
                "userdoc",
                "storageLayout",
                "evm.gasEstimates"
              ],
              "": [
                "ast"
              ]
            }
          }
        }
      },
      "imports": [
        "@fhevm/solidity/lib/FHE.sol",
        "@fhevm/solidity/config/ZamaConfig.sol"
      ],
      "versionPragmas": [
        "^0.8.24"
      ],
      "artifacts": [
        "IncomeSurvey"
      ]
    },
    "E:\\Spring\\Zama\\secure-survey\\fhevmTemp\\@fhevm\\solidity\\config\\ZamaConfig.sol": {
      "lastModificationDate": 1763533903473,
      "contentHash": "53afa19b446a7b49a624afc5d40ac227",
      "sourceName": "@fhevm/solidity/config/ZamaConfig.sol",
      "solcConfig": {
        "version": "0.8.27",
        "settings": {
          "metadata": {
            "bytecodeHash": "none",
            "useLiteralContent": true
          },
          "optimizer": {
            "enabled": true,
            "runs": 800
          },
          "evmVersion": "cancun",
          "outputSelection": {
            "*": {
              "*": [
                "abi",
                "evm.bytecode",
                "evm.deployedBytecode",
                "evm.methodIdentifiers",
                "metadata",
                "devdoc",
                "userdoc",
                "storageLayout",
                "evm.gasEstimates"
              ],
              "": [
                "ast"
              ]
            }
          }
        }
      },
      "imports": [
        "@zama-fhe/oracle-solidity/address/ZamaOracleAddress.sol",
        "@fhevm/solidity/lib/FHE.sol",
        "@fhevm/solidity/lib/Impl.sol"
      ],
      "versionPragmas": [
        "^0.8.24"
      ],
      "artifacts": [
        "EthereumConfig",
        "SepoliaConfig",
        "ZamaConfig"
      ]
    },
    "E:\\Spring\\Zama\\secure-survey\\node_modules\\@fhevm\\solidity\\lib\\FHE.sol": {
      "lastModificationDate": 1763432700897,
      "contentHash": "4595eb92a31223262d4e29a27c938d97",
      "sourceName": "@fhevm/solidity/lib/FHE.sol",
      "solcConfig": {
        "version": "0.8.27",
        "settings": {
          "metadata": {
            "bytecodeHash": "none",
            "useLiteralContent": true
          },
          "optimizer": {
            "enabled": true,
            "runs": 800
          },
          "evmVersion": "cancun",
          "outputSelection": {
            "*": {
              "*": [
                "abi",
                "evm.bytecode",
                "evm.deployedBytecode",
                "evm.methodIdentifiers",
                "metadata",
                "devdoc",
                "userdoc",
                "storageLayout",
                "evm.gasEstimates"
              ],
              "": [
                "ast"
              ]
            }
          }
        }
      },
      "imports": [
        "./Impl.sol",
        "./FheType.sol",
        "encrypted-types/EncryptedTypes.sol"
      ],
      "versionPragmas": [
        "^0.8.24"
      ],
      "artifacts": [
        "FHE",
        "IDecryptionOracle",
        "IKMSVerifier"
      ]
    },
    "E:\\Spring\\Zama\\secure-survey\\fhevmTemp\\@zama-fhe\\oracle-solidity\\address\\ZamaOracleAddress.sol": {
      "lastModificationDate": 1763533903476,
      "contentHash": "7d4cce05c3d5e3799454d5a9fba75048",
      "sourceName": "@zama-fhe/oracle-solidity/address/ZamaOracleAddress.sol",
      "solcConfig": {
        "version": "0.8.27",
        "settings": {
          "metadata": {
            "bytecodeHash": "none",
            "useLiteralContent": true
          },
          "optimizer": {
            "enabled": true,
            "runs": 800
          },
          "evmVersion": "cancun",
          "outputSelection": {
            "*": {
              "*": [
                "abi",
                "evm.bytecode",
                "evm.deployedBytecode",
                "evm.methodIdentifiers",
                "metadata",
                "devdoc",
                "userdoc",
                "storageLayout",
                "evm.gasEstimates"
              ],
              "": [
                "ast"
              ]
            }
          }
        }
      },
      "imports": [],
      "versionPragmas": [
        "^0.8.24"
      ],
      "artifacts": []
    },
    "E:\\Spring\\Zama\\secure-survey\\node_modules\\@fhevm\\solidity\\lib\\Impl.sol": {
      "lastModificationDate": 1763432700899,
      "contentHash": "82d95a375319ded89a84a9323575b351",
      "sourceName": "@fhevm/solidity/lib/Impl.sol",
      "solcConfig": {
        "version": "0.8.27",
        "settings": {
          "metadata": {
            "bytecodeHash": "none",
            "useLiteralContent": true
          },
          "optimizer": {
            "enabled": true,
            "runs": 800
          },
          "evmVersion": "cancun",
          "outputSelection": {
            "*": {
              "*": [
                "abi",
                "evm.bytecode",
                "evm.deployedBytecode",
                "evm.methodIdentifiers",
                "metadata",
                "devdoc",
                "userdoc",
                "storageLayout",
                "evm.gasEstimates"
              ],
              "": [
                "ast"
              ]
            }
          }
        }
      },
      "imports": [
        "./FheType.sol"
      ],
      "versionPragmas": [
        "^0.8.24"
      ],
      "artifacts": [
        "IACL",
        "IFHEVMExecutor",
        "IInputVerifier",
        "Impl"
      ]
    },
    "E:\\Spring\\Zama\\secure-survey\\node_modules\\@fhevm\\solidity\\lib\\FheType.sol": {
      "lastModificationDate": 1763432700898,
      "contentHash": "65f472a3e319ba73ac6b19a5e8660d15",
      "sourceName": "@fhevm/solidity/lib/FheType.sol",
      "solcConfig": {
        "version": "0.8.27",
        "settings": {
          "metadata": {
            "bytecodeHash": "none",
            "useLiteralContent": true
          },
          "optimizer": {
            "enabled": true,
            "runs": 800
          },
          "evmVersion": "cancun",
          "outputSelection": {
            "*": {
              "*": [
                "abi",
                "evm.bytecode",
                "evm.deployedBytecode",
                "evm.methodIdentifiers",
                "metadata",
                "devdoc",
                "userdoc",
                "storageLayout",
                "evm.gasEstimates"
              ],
              "": [
                "ast"
              ]
            }
          }
        }
      },
      "imports": [],
      "versionPragmas": [
        "^0.8.24"
      ],
      "artifacts": []
    },
    "E:\\Spring\\Zama\\secure-survey\\node_modules\\encrypted-types\\EncryptedTypes.sol": {
      "lastModificationDate": 1763350048624,
      "contentHash": "521a624fad71cd29fc4b7c443b41bb86",
      "sourceName": "encrypted-types/EncryptedTypes.sol",
      "solcConfig": {
        "version": "0.8.27",
        "settings": {
          "metadata": {
            "bytecodeHash": "none",
            "useLiteralContent": true
          },
          "optimizer": {
            "enabled": true,
            "runs": 800
          },
          "evmVersion": "cancun",
          "outputSelection": {
            "*": {
              "*": [
                "abi",
                "evm.bytecode",
                "evm.deployedBytecode",
                "evm.methodIdentifiers",
                "metadata",
                "devdoc",
                "userdoc",
                "storageLayout",
                "evm.gasEstimates"
              ],
              "": [
                "ast"
              ]
            }
          }
        }
      },
      "imports": [],
      "versionPragmas": [
        "^0.8.24"
      ],
      "artifacts": []
    },
    "E:\\Spring\\Zama\\secure-survey\\contracts\\IncomeSurveySepolia.sol": {
      "lastModificationDate": 1763394539928,
      "contentHash": "d8c99df54fc209c841b91d8e5b59fa70",
      "sourceName": "contracts/IncomeSurveySepolia.sol",
      "solcConfig": {
        "version": "0.8.27",
        "settings": {
          "metadata": {
            "bytecodeHash": "none",
            "useLiteralContent": true
          },
          "optimizer": {
            "enabled": true,
            "runs": 800
          },
          "evmVersion": "cancun",
          "outputSelection": {
            "*": {
              "*": [
                "abi",
                "evm.bytecode",
                "evm.deployedBytecode",
                "evm.methodIdentifiers",
                "metadata",
                "devdoc",
                "userdoc",
                "storageLayout",
                "evm.gasEstimates"
              ],
              "": [
                "ast"
              ]
            }
          }
        }
      },
      "imports": [],
      "versionPragmas": [
        "^0.8.24"
      ],
      "artifacts": [
        "IncomeSurveySepolia"
      ]
    },
    "E:\\Spring\\Zama\\secure-survey\\contracts\\IncomeSurveySimple.sol": {
      "lastModificationDate": 1763391655440,
      "contentHash": "702df538b20efa62e593e226aeba15bb",
      "sourceName": "contracts/IncomeSurveySimple.sol",
      "solcConfig": {
        "version": "0.8.27",
        "settings": {
          "metadata": {
            "bytecodeHash": "none",
            "useLiteralContent": true
          },
          "optimizer": {
            "enabled": true,
            "runs": 800
          },
          "evmVersion": "cancun",
          "outputSelection": {
            "*": {
              "*": [
                "abi",
                "evm.bytecode",
                "evm.deployedBytecode",
                "evm.methodIdentifiers",
                "metadata",
                "devdoc",
                "userdoc",
                "storageLayout",
                "evm.gasEstimates"
              ],
              "": [
                "ast"
              ]
            }
          }
        }
      },
      "imports": [],
      "versionPragmas": [
        "^0.8.24"
      ],
      "artifacts": [
        "IncomeSurveySimple"
      ]
    }
  }
}
